ID,Job Title,Email Address,FirstName LastName
1,Ambulatory Nurse,Rocco_Ross6317@supunk.biz,Rocco Ross
2,Executive Director,Isla_Brock4966@bulaffy.com,Isla Brock
3,Mobile Developer,Marvin_Lee5065@bulaffy.com,Marvin Lee
4,Cash Manager,Adela_Upsdell538@qater.org,Adela Upsdell
5,Project Manager,Cynthia_Adams2390@twipet.com,Cynthia Adams
6,Machine Operator,Doris_Durrant2973@gmail.com,Doris Durrant
7,Global Logistics Supervisor,Cedrick_Ellis7612@nanoff.biz,Cedrick Ellis
8,Production Painter,Percy_Janes342@bulaffy.com,Percy Janes
9,Assistant Buyer,Enoch_Graves6859@acrit.org,Enoch Graves
10,Audiologist,Nate_Exton5244@mafthy.com,Nate Exton
11,Steward,Sadie_Evans5424@sheye.org,Sadie Evans
12,Assistant Buyer,Alan_Moran1349@bauros.biz,Alan Moran
13,Webmaster,Caleb_Farrow3101@kideod.biz,Caleb Farrow
14,Machine Operator,Ronald_Stewart1746@womeona.net,Ronald Stewart
15,Designer,Bart_Savage932@zorer.org,Bart Savage
16,Mobile Developer,Alexa_Rothwell5951@nickia.com,Alexa Rothwell
17,Bellman,Alba_Keys6098@ubusive.com,Alba Keys
18,Bellman,Ruth_Jacobs2128@tonsy.org,Ruth Jacobs
19,HR Specialist,Carl_Simpson2220@typill.biz,Carl Simpson
20,Inspector,Celia_Wooldridge8640@gmail.com,Celia Wooldridge
21,Loan Officer,Rick_Gavin7256@mafthy.com,Rick Gavin
22,Machine Operator,Piper_Egerton3962@jiman.org,Piper Egerton
23,Health Educator,Cecilia_Trent843@atink.com,Cecilia Trent
24,Webmaster,Cassandra_Norris30@deons.tech,Cassandra Norris
25,Fabricator,Ciara_Lynn7065@muall.tech,Ciara Lynn
26,Systems Administrator,Abbey_Graham6212@nimogy.biz,Abbey Graham
27,Cashier,Sloane_Williams4743@corti.com,Sloane Williams
28,CNC Operator,Rose_Broomfield5300@hourpy.biz,Rose Broomfield
29,Loan Officer,Hayden_Moran9753@acrit.org,Hayden Moran
30,Service Supervisor,Daniel_Leigh6344@mafthy.com,Daniel Leigh
31,Business Broker,Matt_Porter955@vetan.org,Matt Porter
32,Software Engineer,Mike_Tate9591@sheye.org,Mike Tate
33,CNC Operator,Rosalie_Gaynor5809@yahoo.com,Rosalie Gaynor
34,HR Coordinator,Oliver_Palmer7311@naiker.biz,Oliver Palmer
35,Food Technologist,Sienna_Mitchell3002@bauros.biz,Sienna Mitchell
36,Designer,Caydence_Connor6897@acrit.org,Caydence Connor
37,HR Specialist,Maria_Dann7382@zorer.org,Maria Dann
38,Healthcare Specialist,Doug_Kirby9104@extex.org,Doug Kirby
39,Loan Officer,Jayden_Lane660@bauros.biz,Jayden Lane
40,Systems Administrator,Nathan_Snow4849@sveldo.biz,Nathan Snow
41,Cash Manager,Chadwick_Wade6415@sheye.org,Chadwick Wade
42,Fabricator,Mark_Wright9985@gompie.com,Mark Wright
43,IT Support Staff,Chester_Warden4532@irrepsy.com,Chester Warden
44,Executive Director,Roger_Tyler5118@gmail.com,Roger Tyler
45,HR Coordinator,Carissa_Kelly7281@guentu.biz,Carissa Kelly
46,Associate Professor,Maya_Rehman2029@kideod.biz,Maya Rehman
47,Bellman,Mary_Logan9807@sheye.org,Mary Logan
48,Biologist,Eduardo_Bailey7164@vetan.org,Eduardo Bailey
49,Associate Professor,Bryon_Ward4020@naiker.biz,Bryon Ward
50,Food Technologist,Stephanie_Vallins5475@bauros.biz,Stephanie Vallins
51,Designer,Makena_Warner7090@bauros.biz,Makena Warner
52,Ambulatory Nurse,Harmony_Vallory2450@elnee.tech,Harmony Vallory
53,Call Center Representative,Hanna_Quinn1102@guentu.biz,Hanna Quinn
54,Insurance Broker,Macy_Nelson3415@corti.com,Macy Nelson
55,Pharmacist,Felicity_Thorne7543@gembat.biz,Felicity Thorne
56,Webmaster,Allison_Sheldon5248@typill.biz,Allison Sheldon
57,Cashier,Lindsay_Shaw6845@ubusive.com,Lindsay Shaw
58,Paramedic,Kieth_Umney896@bauros.biz,Kieth Umney
59,Assistant Buyer,Liam_Mould5597@naiker.biz,Liam Mould
60,Fabricator,Melanie_Uddin8337@muall.tech,Melanie Uddin
61,Cash Manager,Vivian_Vaughn314@bauros.biz,Vivian Vaughn
62,Banker,Percy_Grey9647@naiker.biz,Percy Grey
63,Investment  Advisor,Henry_Rowe1663@kideod.biz,Henry Rowe
64,Software Engineer,Davina_Anderson6474@famism.biz,Davina Anderson
65,Bookkeeper,Melania_Groves3257@gmail.com,Melania Groves
66,Chef Manager,Peter_Page 2688@supunk.biz,Peter Page 
67,Cashier,Manuel_Ebden9369@atink.com,Manuel Ebden
68,Designer,Boris_Allington9201@bretoux.com,Boris Allington
69,Assistant Buyer,Elle_Gray4283@nanoff.biz,Elle Gray
70,Stockbroker,Ilona_Price7034@eirey.tech,Ilona Price
71,Cash Manager,Benjamin_Kennedy9388@womeona.net,Benjamin Kennedy
72,Assistant Buyer,Ramon_Phillips1691@zorer.org,Ramon Phillips
73,Associate Professor,Fred_Mitchell4431@irrepsy.com,Fred Mitchell
74,Investment  Advisor,Kimberly_Wood9616@iatim.tech,Kimberly Wood
75,Lecturer,Angela_Rothwell5594@kideod.biz,Angela Rothwell
76,Business Broker,Trisha_Hancock4476@muall.tech,Trisha Hancock
77,Auditor,Maia_Martin7571@gembat.biz,Maia Martin
78,Bellman,Jacqueline_Harrington7721@tonsy.org,Jacqueline Harrington
79,Paramedic,Nina_Driscoll2639@kideod.biz,Nina Driscoll
80,Restaurant Manager,Johnny_Robe3419@acrit.org,Johnny Robe
81,Bellman,Kenzie_Lloyd9495@dionrab.com,Kenzie Lloyd
82,HR Specialist,Kurt_Latham3006@grannar.com,Kurt Latham
83,Laboratory Technician,Rufus_Weston3274@bungar.biz,Rufus Weston
84,Healthcare Specialist,Logan_Allwood8412@nimogy.biz,Logan Allwood
85,Budget Analyst,Denis_Truscott2175@twipet.com,Denis Truscott
86,Cook,George_Hood6577@brety.org,George Hood
87,Insurance Broker,Aurelia_Ripley8550@sheye.org,Aurelia Ripley
88,Ambulatory Nurse,Ryan_Thomson9645@atink.com,Ryan Thomson
89,Machine Operator,Susan_Ashwell9090@dionrab.com,Susan Ashwell
90,Machine Operator,Natalie_Gaynor4863@supunk.biz,Natalie Gaynor
91,Business Broker,Mike_Lomax7422@naiker.biz,Mike Lomax
92,Accountant,Nick_Forester5995@gompie.com,Nick Forester
93,Biologist,Tyson_Brett4360@kideod.biz,Tyson Brett
94,Doctor,Logan_Mooney2188@corti.com,Logan Mooney
95,Loan Officer,Liliana_Owen3571@bungar.biz,Liliana Owen
96,Clerk,Anabel_Wright2481@bauros.biz,Anabel Wright
97,Paramedic,Owen_Rigg8582@iatim.tech,Owen Rigg
98,Designer,Rachael_Adams5471@twipet.com,Rachael Adams
99,Staffing Consultant,Josephine_Parker3695@jiman.org,Josephine Parker
100,Cook,Leslie_Wigley628@typill.biz,Leslie Wigley
101,Staffing Consultant,Eileen_Williams2110@fuliss.net,Eileen Williams
102,Restaurant Manager,Jacob_Burnley623@gompie.com,Jacob Burnley
103,Cashier,Chadwick_Jarrett210@famism.biz,Chadwick Jarrett
104,Designer,Nina_Phillips8611@zorer.org,Nina Phillips
105,Stockbroker,Barry_Raven8696@brety.org,Barry Raven
106,Executive Director,Erick_Booth6262@gmail.com,Erick Booth
107,Restaurant Manager,Doug_Rogan9914@supunk.biz,Doug Rogan
108,Inspector,Hazel_Bailey9252@dionrab.com,Hazel Bailey
109,Service Supervisor,Rufus_Walton9447@guentu.biz,Rufus Walton
110,Operator,Benjamin_Corbett8784@supunk.biz,Benjamin Corbett
111,Healthcare Specialist,Mark_Stanley8109@gmail.com,Mark Stanley
112,Inspector,Ron_Powell2850@zorer.org,Ron Powell
113,Associate Professor,Hank_Chester4046@guentu.biz,Hank Chester
114,Loan Officer,Noah_Burge1061@fuliss.net,Noah Burge
115,Bellman,Boris_Preston4103@sheye.org,Boris Preston
116,Budget Analyst,John_Norton3118@brety.org,John Norton
117,Healthcare Specialist,Chester_Bell9537@ovock.tech,Chester Bell
118,Loan Officer,Ryan_Jeffery7515@deavo.com,Ryan Jeffery
119,Chef Manager,Leanne_Maxwell6623@ovock.tech,Leanne Maxwell
120,Software Engineer,Javier_Stevenson4217@naiker.biz,Javier Stevenson
121,Operator,Diane_Vincent2375@brety.org,Diane Vincent
122,Webmaster,Jade_Ellison9139@twace.org,Jade Ellison
123,Ambulatory Nurse,Chuck_Widdows7649@tonsy.org,Chuck Widdows
124,Lecturer,John_Yarlett2213@extex.org,John Yarlett
125,Bellman,Emmanuelle_Curtis969@muall.tech,Emmanuelle Curtis
126,Systems Administrator,Ema_Becker4120@sveldo.biz,Ema Becker
127,Physician,Julius_Cavanagh318@eirey.tech,Julius Cavanagh
128,Associate Professor,Erica_Plumb9746@jiman.org,Erica Plumb
129,Mobile Developer,Josh_Williams8613@hourpy.biz,Josh Williams
130,Production Painter,Danielle_Stark5698@gembat.biz,Danielle Stark
131,Healthcare Specialist,Luke_Vinton9047@sveldo.biz,Luke Vinton
132,Ambulatory Nurse,Chuck_Ulyatt5402@twipet.com,Chuck Ulyatt
133,Clerk,Benny_London2562@extex.org,Benny London
134,Bellman,Deborah_Townend3570@grannar.com,Deborah Townend
135,Clerk,Eduardo_Utterson8524@typill.biz,Eduardo Utterson
136,Stockbroker,Daniel_Ripley302@bauros.biz,Daniel Ripley
137,Webmaster,Johnny_Wilton253@mafthy.com,Johnny Wilton
138,Business Broker,Rosalee_Baker4705@twipet.com,Rosalee Baker
139,Physician,Nate_Chapman959@grannar.com,Nate Chapman
140,Web Developer,Daniel_Egerton5000@ubusive.com,Daniel Egerton
141,Investment  Advisor,Maya_Varndell3810@deavo.com,Maya Varndell
142,Project Manager,Luna_Casey2032@bauros.biz,Luna Casey
143,Dentist,Rosalee_Thompson3368@eirey.tech,Rosalee Thompson
144,Restaurant Manager,Percy_Snell7553@gmail.com,Percy Snell
145,Service Supervisor,Boris_Becker3098@hourpy.biz,Boris Becker
146,CNC Operator,Ronald_Cooper2178@sheye.org,Ronald Cooper
147,Laboratory Technician,Samantha_Squire2356@elnee.tech,Samantha Squire
148,IT Support Staff,John_Fenton9786@fuliss.net,John Fenton
149,Executive Director,Jane_Atkinson2900@ubusive.com,Jane Atkinson
150,Cook,Rufus_Redwood7083@womeona.net,Rufus Redwood
151,HR Specialist,Mya_Connor9624@liret.org,Mya Connor
152,Call Center Representative,Kimberly_Graves4026@gembat.biz,Kimberly Graves
153,Healthcare Specialist,Brooklyn_Barclay9018@twipet.com,Brooklyn Barclay
154,Service Supervisor,Maria_Clifton8130@vetan.org,Maria Clifton
155,Designer,Isla_Bristow7985@nimogy.biz,Isla Bristow
156,HR Coordinator,Lillian_Cunningham3186@liret.org,Lillian Cunningham
157,Project Manager,Aiden_Bell8607@ubusive.com,Aiden Bell
158,Cashier,Sloane_Griffiths1217@fuliss.net,Sloane Griffiths
159,Cook,Benjamin_Mullins646@qater.org,Benjamin Mullins
160,Investment  Advisor,Camden_Rogan7350@naiker.biz,Camden Rogan
161,Pharmacist,Manuel_Miller9833@cispeto.com,Manuel Miller
162,Design Engineer,Anthony_Ramsey9678@zorer.org,Anthony Ramsey
163,Project Manager,Julia_Ryan5643@corti.com,Julia Ryan
164,Accountant,Moira_Lane2633@jiman.org,Moira Lane
165,Project Manager,Alexander_Fox5325@dionrab.com,Alexander Fox
166,Lecturer,Joyce_Bailey5075@naiker.biz,Joyce Bailey
167,CNC Operator,Ada_Baxter8401@sheye.org,Ada Baxter
168,Assistant Buyer,Benny_Moran4200@fuliss.net,Benny Moran
169,Business Broker,Julius_Harrison8009@joiniaa.com,Julius Harrison
170,Paramedic,Erick_Olson1119@ovock.tech,Erick Olson
171,Associate Professor,Harvey_Reyes6610@gmail.com,Harvey Reyes
172,Dentist,Bob_Craig640@mafthy.com,Bob Craig
173,Cook,Chris_Cann6086@grannar.com,Chris Cann
174,Cash Manager,Rick_Samuel7227@joiniaa.com,Rick Samuel
175,Design Engineer,Kurt_Warren9977@iatim.tech,Kurt Warren
176,HR Coordinator,Michaela_Martin1229@vetan.org,Michaela Martin
177,Designer,Regina_Cunningham2017@acrit.org,Regina Cunningham
178,Call Center Representative,Bart_Gilmour5302@jiman.org,Bart Gilmour
179,Audiologist,Sasha_Reynolds8806@typill.biz,Sasha Reynolds
180,Service Supervisor,Clint_Gibson5053@bretoux.com,Clint Gibson
181,Software Engineer,Henry_Umney2166@nanoff.biz,Henry Umney
182,Bookkeeper,Alma_Needham3298@elnee.tech,Alma Needham
183,Webmaster,Barney_Wright3341@deons.tech,Barney Wright
184,Healthcare Specialist,Harvey_Rogers9818@gompie.com,Harvey Rogers
185,Global Logistics Supervisor,Kate_Lindsay573@jiman.org,Kate Lindsay
186,Budget Analyst,Mason_Reese6100@womeona.net,Mason Reese
187,Clerk,Luke_Chapman3941@bauros.biz,Luke Chapman
188,Bellman,David_Sloan7477@gmail.com,David Sloan
189,Pharmacist,Joy_Shields285@liret.org,Joy Shields
190,Pharmacist,Julius_Lomax5315@irrepsy.com,Julius Lomax
191,Software Engineer,Sara_Lyon7974@sheye.org,Sara Lyon
192,Bookkeeper,Noah_Pearson93@bauros.biz,Noah Pearson
193,Staffing Consultant,Josh_Power6325@ovock.tech,Josh Power
194,Mobile Developer,Kieth_Turner3386@fuliss.net,Kieth Turner
195,Software Engineer,Bob_Hogg2222@grannar.com,Bob Hogg
196,Insurance Broker,Robyn_Tait7274@bauros.biz,Robyn Tait
197,Insurance Broker,Alan_Denton619@infotech44.tech,Alan Denton
198,Restaurant Manager,Bart_Stewart7607@grannar.com,Bart Stewart
199,Audiologist,Jack_Parker535@extex.org,Jack Parker
200,Webmaster,Nicholas_Clifton3829@twace.org,Nicholas Clifton
201,Accountant,Jazmin_Jarvis7031@eirey.tech,Jazmin Jarvis
202,Machine Operator,Joseph_Johnson302@guentu.biz,Joseph Johnson
203,Laboratory Technician,Chris_Moore1812@nanoff.biz,Chris Moore
204,CNC Operator,Irene_Windsor946@sheye.org,Irene Windsor
205,Laboratory Technician,Johnathan_Lindsay4600@liret.org,Johnathan Lindsay
206,Cashier,Chadwick_Dowson957@brety.org,Chadwick Dowson
207,Business Broker,Russel_Slater552@yahoo.com,Russel Slater
208,Retail Trainee,Luke_James74@bungar.biz,Luke James
209,IT Support Staff,Johnny_Vass7626@joiniaa.com,Johnny Vass
210,Associate Professor,Sonya_Gonzales2496@gompie.com,Sonya Gonzales
211,Software Engineer,Brad_Oswald7171@deavo.com,Brad Oswald
212,Biologist,Sabrina_Alexander5925@dionrab.com,Sabrina Alexander
213,Designer,Carter_Wild2092@guentu.biz,Carter Wild
214,Budget Analyst,Carissa_Potter5494@extex.org,Carissa Potter
215,Cash Manager,Angelica_Exton8595@qater.org,Angelica Exton
216,Call Center Representative,Manuel_Lane2248@joiniaa.com,Manuel Lane
217,Associate Professor,Jamie_Ramsey383@supunk.biz,Jamie Ramsey
218,Insurance Broker,Maria_Edler4134@mafthy.com,Maria Edler
219,Baker,Andie_Tobin4200@nimogy.biz,Andie Tobin
220,Systems Administrator,Savannah_Hale6454@elnee.tech,Savannah Hale
221,Mobile Developer,Shelby_Butler2431@ovock.tech,Shelby Butler
222,Operator,Adalie_Thomson892@infotech44.tech,Adalie Thomson
223,Software Engineer,Clint_Selby8753@naiker.biz,Clint Selby
224,Call Center Representative,Liam_Downing4954@corti.com,Liam Downing
225,Restaurant Manager,Wade_Yard4215@elnee.tech,Wade Yard
226,Webmaster,Harry_Lindsay5263@corti.com,Harry Lindsay
227,Assistant Buyer,Joy_Kelly332@gompie.com,Joy Kelly
228,Banker,Jayden_Duvall9345@sheye.org,Jayden Duvall
229,Machine Operator,Celia_Flett1491@fuliss.net,Celia Flett
230,Doctor,Deborah_Morrow3739@deons.tech,Deborah Morrow
231,Pharmacist,Faith_Nelson2234@mafthy.com,Faith Nelson
232,Design Engineer,Rachael_Hastings1241@nanoff.biz,Rachael Hastings
233,Web Developer,Oliver_Mills3066@grannar.com,Oliver Mills
234,Global Logistics Supervisor,Wade_Edmonds9913@deavo.com,Wade Edmonds
235,Food Technologist,Florence_Bradley5053@bretoux.com,Florence Bradley
236,Design Engineer,Bryon_Murphy2139@infotech44.tech,Bryon Murphy
237,Fabricator,Julian_Ramsey6995@mafthy.com,Julian Ramsey
238,Fabricator,Willow_Yates476@ovock.tech,Willow Yates
239,Associate Professor,Marina_Flanders755@iatim.tech,Marina Flanders
240,Associate Professor,Gina_Clifton9944@liret.org,Gina Clifton
241,Bookkeeper,Denis_Calderwood5856@naiker.biz,Denis Calderwood
242,Stockbroker,Chuck_Jeffery1564@nanoff.biz,Chuck Jeffery
243,Webmaster,William_Lakey8358@qater.org,William Lakey
244,Insurance Broker,Eduardo_Gibson2005@eirey.tech,Eduardo Gibson
245,Banker,Harmony_Rose5843@infotech44.tech,Harmony Rose
246,Chef Manager,Elena_Edwards4695@bungar.biz,Elena Edwards
247,Treasurer,Benny_Salt9263@gembat.biz,Benny Salt
248,Insurance Broker,Barney_Baldwin6806@gompie.com,Barney Baldwin
249,Retail Trainee,Lillian_Donovan6143@liret.org,Lillian Donovan
250,Stockbroker,Madelyn_Olson4236@muall.tech,Madelyn Olson
251,Laboratory Technician,Elisabeth_Raven7128@brety.org,Elisabeth Raven
252,Design Engineer,William_Harrington8979@yahoo.com,William Harrington
253,Cash Manager,Alexander_Heaton4166@elnee.tech,Alexander Heaton
254,Software Engineer,Leroy_Shields1055@gmail.com,Leroy Shields
255,Assistant Buyer,Logan_Jefferson1871@iatim.tech,Logan Jefferson
256,Restaurant Manager,Nathan_Jefferson2758@typill.biz,Nathan Jefferson
257,CNC Operator,Regina_Avery7121@acrit.org,Regina Avery
258,Physician,Ciara_Martin9315@bretoux.com,Ciara Martin
259,Clerk,Lillian_Briggs4169@sheye.org,Lillian Briggs
260,Operator,Payton_Vollans4607@fuliss.net,Payton Vollans
261,Business Broker,Cherish_Gibson7727@brety.org,Cherish Gibson
262,Baker,Gabriel_Murray7478@kideod.biz,Gabriel Murray
263,Treasurer,Tom_Jefferson1551@iatim.tech,Tom Jefferson
264,Restaurant Manager,Mavis_Morris5204@vetan.org,Mavis Morris
265,Retail Trainee,Matthew_Gardner5223@elnee.tech,Matthew Gardner
266,Steward,Rufus_Quinnell4504@mafthy.com,Rufus Quinnell
267,Fabricator,Mayleen_Robinson7422@grannar.com,Mayleen Robinson
268,Front Desk Coordinator,Rosa_Morrison7517@vetan.org,Rosa Morrison
269,Physician,Isla_Warner8161@twipet.com,Isla Warner
270,Health Educator,Harry_Marshall1750@gompie.com,Harry Marshall
271,Bellman,Holly_Stanton2511@muall.tech,Holly Stanton
272,Front Desk Coordinator,Denny_Jenkin7161@fuliss.net,Denny Jenkin
273,Physician,Havana_Johnson2078@nanoff.biz,Havana Johnson
274,Investment  Advisor,Alessia_Robertson8001@famism.biz,Alessia Robertson
275,Ambulatory Nurse,Jayden_Jennson7942@yahoo.com,Jayden Jennson
276,Software Engineer,Doug_Tailor5765@deavo.com,Doug Tailor
277,Assistant Buyer,David_Poulton264@joiniaa.com,David Poulton
278,Physician,Lily_Paterson4730@ubusive.com,Lily Paterson
279,Project Manager,Rihanna_Kaur7651@bulaffy.com,Rihanna Kaur
280,Paramedic,Analise_Salt8412@qater.org,Analise Salt
281,Machine Operator,George_Quinn3497@dionrab.com,George Quinn
282,Bookkeeper,Piper_Vallory5003@cispeto.com,Piper Vallory
283,Lecturer,Peyton_Verdon8704@ubusive.com,Peyton Verdon
284,Dentist,Daniel_Jarrett3425@sheye.org,Daniel Jarrett
285,Clerk,Jackeline_Vaughn232@deavo.com,Jackeline Vaughn
286,Auditor,Kimberly_Parr8159@twipet.com,Kimberly Parr
287,Banker,Percy_Weldon6089@nimogy.biz,Percy Weldon
288,Restaurant Manager,Bob_Mooney3720@nanoff.biz,Bob Mooney
289,Pharmacist,Kieth_Hood5230@sheye.org,Kieth Hood
290,Chef Manager,Lara_Wise4852@naiker.biz,Lara Wise
291,HR Specialist,Cristal_Clifford2106@mafthy.com,Cristal Clifford
292,Treasurer,Enoch_Wooldridge2059@bungar.biz,Enoch Wooldridge
293,Clerk,Elise_Brooks5211@nanoff.biz,Elise Brooks
294,Laboratory Technician,Maxwell_Bailey3535@ovock.tech,Maxwell Bailey
295,Production Painter,Nathan_Campbell3062@supunk.biz,Nathan Campbell
296,Pharmacist,Alice_Morley5292@mafthy.com,Alice Morley
297,Doctor,Carolyn_Wilson561@grannar.com,Carolyn Wilson
298,Insurance Broker,Jane_Glass6804@ovock.tech,Jane Glass
299,Assistant Buyer,Cedrick_Eagle5682@acrit.org,Cedrick Eagle
300,IT Support Staff,Mason_Clark4899@vetan.org,Mason Clark
301,Mobile Developer,Vera_Franks169@atink.com,Vera Franks
302,Paramedic,Deborah_Faulkner2918@twipet.com,Deborah Faulkner
303,Cash Manager,Henry_Lee3238@mafthy.com,Henry Lee
304,Call Center Representative,Carter_Hogg8118@mafthy.com,Carter Hogg
305,Assistant Buyer,Chris_Corbett7546@dionrab.com,Chris Corbett
306,Fabricator,Mandy_Devonport7203@cispeto.com,Mandy Devonport
307,HR Specialist,Mandy_Rose5969@typill.biz,Mandy Rose
308,Health Educator,Tyson_Hancock9846@jiman.org,Tyson Hancock
309,Banker,Lucy_Rowlands6971@qater.org,Lucy Rowlands
310,Bookkeeper,Boris_Tutton8771@bretoux.com,Boris Tutton
311,Baker,Carissa_Cassidy9481@atink.com,Carissa Cassidy
312,Paramedic,Destiny_Abbey5863@bretoux.com,Destiny Abbey
313,Ambulatory Nurse,Angelique_Rogan5513@joiniaa.com,Angelique Rogan
314,HR Coordinator,Sara_Goldsmith8243@typill.biz,Sara Goldsmith
315,Service Supervisor,Jack_Reyes6601@ovock.tech,Jack Reyes
316,Fabricator,Tony_Richards282@liret.org,Tony Richards
317,Auditor,Nick_Pope515@sveldo.biz,Nick Pope
318,Assistant Buyer,Denny_Locke2115@twipet.com,Denny Locke
319,Clerk,Wade_Hill7422@infotech44.tech,Wade Hill
320,Physician,Michael_Ellis300@deons.tech,Michael Ellis
321,Software Engineer,Jocelyn_Kelly7817@kideod.biz,Jocelyn Kelly
322,Chef Manager,Paige_Samuel4264@iatim.tech,Paige Samuel
323,Auditor,Denis_Irving4966@sveldo.biz,Denis Irving
324,Laboratory Technician,Phillip_Fall790@deons.tech,Phillip Fall
325,IT Support Staff,Molly_Lynch8419@grannar.com,Molly Lynch
326,Baker,Josh_Gray5499@supunk.biz,Josh Gray
327,Dentist,Helen_Tyrrell6502@naiker.biz,Helen Tyrrell
328,Food Technologist,Marvin_Walker3895@hourpy.biz,Marvin Walker
329,CNC Operator,Grace_Ellwood8603@bulaffy.com,Grace Ellwood
330,Clerk,Rae_Campbell9079@ubusive.com,Rae Campbell
331,HR Specialist,Christy_Shaw1339@famism.biz,Christy Shaw
332,Budget Analyst,Florence_Zaoui7216@joiniaa.com,Florence Zaoui
333,Mobile Developer,Audrey_Radcliffe2135@deons.tech,Audrey Radcliffe
334,Laboratory Technician,Gil_Pearson246@zorer.org,Gil Pearson
335,Associate Professor,Clint_Clark9459@infotech44.tech,Clint Clark
336,Insurance Broker,Ethan_Hancock8575@iatim.tech,Ethan Hancock
337,Business Broker,Hayden_Forth8274@hourpy.biz,Hayden Forth
338,Electrician,Leroy_Radley2611@ubusive.com,Leroy Radley
339,Budget Analyst,Chadwick_Young1834@sheye.org,Chadwick Young
340,Staffing Consultant,Ramon_Vane2276@guentu.biz,Ramon Vane
341,Bookkeeper,Rick_Knott6589@ovock.tech,Rick Knott
342,Clerk,Julius_Coll6611@deons.tech,Julius Coll
343,Operator,Daron_Willson782@acrit.org,Daron Willson
344,Bellman,Aleksandra_Norman5492@supunk.biz,Aleksandra Norman
345,Cash Manager,Rosie_Gibson3347@gmail.com,Rosie Gibson
346,Staffing Consultant,Leslie_Cobb5675@famism.biz,Leslie Cobb
347,Steward,Kate_Lewis3148@nimogy.biz,Kate Lewis
348,Lecturer,Noah_Dunbar2764@ubusive.com,Noah Dunbar
349,Project Manager,Luke_Collins1013@gembat.biz,Luke Collins
350,Accountant,Alan_Graves7671@acrit.org,Alan Graves
351,Operator,Megan_Quinn1874@nanoff.biz,Megan Quinn
352,Investment  Advisor,Anabel_Page 240@infotech44.tech,Anabel Page 
353,Accountant,Olivia_Smith5555@ovock.tech,Olivia Smith
354,Front Desk Coordinator,Lynn_Collis9280@bretoux.com,Lynn Collis
355,HR Specialist,Nathan_Cork651@liret.org,Nathan Cork
356,CNC Operator,Ada_Weston9201@irrepsy.com,Ada Weston
357,Accountant,Lorraine_Roscoe516@yahoo.com,Lorraine Roscoe
358,Retail Trainee,Janelle_Murphy3020@naiker.biz,Janelle Murphy
359,Production Painter,Enoch_Adams7609@joiniaa.com,Enoch Adams
360,Laboratory Technician,Lindsay_Wilson3705@nanoff.biz,Lindsay Wilson
361,Cook,Hank_Watson4422@famism.biz,Hank Watson
362,Electrician,Domenic_Rees8433@liret.org,Domenic Rees
363,Global Logistics Supervisor,Adalind_Walsh1874@deavo.com,Adalind Walsh
364,Webmaster,Olivia_Fisher1996@kideod.biz,Olivia Fisher
365,Mobile Developer,Sharon_Camden3190@naiker.biz,Sharon Camden
366,Webmaster,Louise_Snow9487@womeona.net,Louise Snow
367,HR Specialist,Mavis_Bishop7923@iatim.tech,Mavis Bishop
368,Associate Professor,Abdul_Amstead7174@fuliss.net,Abdul Amstead
369,Design Engineer,Melania_Patel6452@zorer.org,Melania Patel
370,Designer,Johnny_Thorne5882@guentu.biz,Johnny Thorne
371,Machine Operator,Summer_Cadman6892@ubusive.com,Summer Cadman
372,Accountant,Hailey_Rehman1665@nanoff.biz,Hailey Rehman
373,Accountant,Fred_Kirby2189@ovock.tech,Fred Kirby
374,Auditor,Rocco_Larsen7988@extex.org,Rocco Larsen
375,Front Desk Coordinator,Hayden_Coleman7656@sheye.org,Hayden Coleman
376,Steward,Tyson_Ballard1245@dionrab.com,Tyson Ballard
377,Bookkeeper,George_Hogg2651@supunk.biz,George Hogg
378,Design Engineer,Javier_Whitmore2524@bretoux.com,Javier Whitmore
379,Baker,Doug_Shepherd487@nickia.com,Doug Shepherd
380,Call Center Representative,Brooklyn_Gray7637@ubusive.com,Brooklyn Gray
381,Web Developer,Renee_Stevens5686@dionrab.com,Renee Stevens
382,Dentist,Bristol_Funnell8267@kideod.biz,Bristol Funnell
383,Associate Professor,Selena_Poole9697@kideod.biz,Selena Poole
384,Dentist,Savannah_Nash9470@supunk.biz,Savannah Nash
385,Stockbroker,Tyler_Davies7972@corti.com,Tyler Davies
386,HR Coordinator,Colleen_Booth9799@dionrab.com,Colleen Booth
387,Retail Trainee,Stephanie_Uttley177@nanoff.biz,Stephanie Uttley
388,Staffing Consultant,Michael_Sinclair9709@typill.biz,Michael Sinclair
389,Call Center Representative,Ron_Griffiths5644@nimogy.biz,Ron Griffiths
390,Auditor,Lexi_Eastwood2153@brety.org,Lexi Eastwood
391,HR Specialist,Anabel_Maxwell5207@ovock.tech,Anabel Maxwell
392,Designer,Brad_Purvis6035@sheye.org,Brad Purvis
393,Assistant Buyer,Moira_Uddin4469@kideod.biz,Moira Uddin
394,Cash Manager,Hayden_Ebden7174@atink.com,Hayden Ebden
395,Software Engineer,Jaylene_Curtis9845@dionrab.com,Jaylene Curtis
396,Software Engineer,Aleksandra_Farmer852@fuliss.net,Aleksandra Farmer
397,Ambulatory Nurse,Eileen_Fisher894@naiker.biz,Eileen Fisher
398,IT Support Staff,Estrella_Vincent8011@qater.org,Estrella Vincent
399,Cashier,Russel_Fox3264@bungar.biz,Russel Fox
400,Bookkeeper,Josephine_Alldridge9102@zorer.org,Josephine Alldridge
401,Business Broker,Maxwell_Hall7346@ovock.tech,Maxwell Hall
402,Call Center Representative,Benjamin_Quinton305@dionrab.com,Benjamin Quinton
403,Associate Professor,Elijah_Glass7141@eirey.tech,Elijah Glass
404,Auditor,Manuel_Edmonds6967@nickia.com,Manuel Edmonds
405,Pharmacist,Noemi_Russell1675@bretoux.com,Noemi Russell
406,Bookkeeper,Peter_Gilmour9819@extex.org,Peter Gilmour
407,Design Engineer,Mya_Drake1191@nanoff.biz,Mya Drake
408,Lecturer,John_Wilton2981@deons.tech,John Wilton
409,Treasurer,Tyler_Upton9968@fuliss.net,Tyler Upton
410,Restaurant Manager,Phoebe_Donnelly5722@nimogy.biz,Phoebe Donnelly
411,Machine Operator,Nick_Ellis3167@eirey.tech,Nick Ellis
412,Baker,Leroy_Mullins4728@gmail.com,Leroy Mullins
413,Bellman,Hayden_Stevens2385@sveldo.biz,Hayden Stevens
414,Doctor,Sydney_Parr3369@gmail.com,Sydney Parr
415,Executive Director,Enoch_Reading943@hourpy.biz,Enoch Reading
416,Dentist,Mavis_Farmer4861@supunk.biz,Mavis Farmer
417,Loan Officer,Alessandra_Wade8089@bulaffy.com,Alessandra Wade
418,Webmaster,Dalia_Wright4964@infotech44.tech,Dalia Wright
419,Accountant,Daniel_Clarke1232@acrit.org,Daniel Clarke
420,Front Desk Coordinator,Lara_Corbett460@vetan.org,Lara Corbett
421,Business Broker,Adela_Richards6362@supunk.biz,Adela Richards
422,Staffing Consultant,Adeline_Ashwell9885@bretoux.com,Adeline Ashwell
423,Baker,Luke_Booth4136@hourpy.biz,Luke Booth
424,Clerk,Crystal_Moore2656@sheye.org,Crystal Moore
425,Cash Manager,Anthony_Woods1090@twace.org,Anthony Woods
426,Lecturer,Maria_Wellington5440@nimogy.biz,Maria Wellington
427,Health Educator,Liam_Wilson838@fuliss.net,Liam Wilson
428,Treasurer,Bryon_Ross4490@bauros.biz,Bryon Ross
429,Steward,Adalie_Radley707@irrepsy.com,Adalie Radley
430,Electrician,Paula_Freeburn5245@acrit.org,Paula Freeburn
431,Designer,Nathan_Sanchez3836@supunk.biz,Nathan Sanchez
432,Web Developer,Rocco_Oliver2076@fuliss.net,Rocco Oliver
433,Steward,Camila_Martin3904@kideod.biz,Camila Martin
434,Cashier,Melanie_Goldsmith4874@fuliss.net,Melanie Goldsmith
435,IT Support Staff,Amelia_Woodley2358@zorer.org,Amelia Woodley
436,Business Broker,Bree_Kent4956@bulaffy.com,Bree Kent
437,HR Specialist,Jack_Dobson1515@eirey.tech,Jack Dobson
438,Doctor,Josh_Walker6011@infotech44.tech,Josh Walker
439,Retail Trainee,Katelyn_Ashwell781@gembat.biz,Katelyn Ashwell
440,Associate Professor,Cadence_Mcgregor2400@bungar.biz,Cadence Mcgregor
441,Project Manager,Anthony_Brock8658@deons.tech,Anthony Brock
442,Audiologist,Trisha_Stanton5745@supunk.biz,Trisha Stanton
443,Staffing Consultant,Chester_Cooper2846@jiman.org,Chester Cooper
444,Associate Professor,Manuel_Cameron4359@fuliss.net,Manuel Cameron
445,IT Support Staff,Estrella_Adler52@jiman.org,Estrella Adler
446,Investment  Advisor,Lily_Young738@sveldo.biz,Lily Young
447,CNC Operator,Karla_Baxter8009@nanoff.biz,Karla Baxter
448,Baker,Anabelle_Hilton3750@mafthy.com,Anabelle Hilton
449,Banker,Anthony_Tate2444@extex.org,Anthony Tate
450,Cashier,Blake_Stubbs3531@joiniaa.com,Blake Stubbs
451,Physician,Jack_Tobin3726@ubusive.com,Jack Tobin
452,Cook,Tyson_Watson2870@bretoux.com,Tyson Watson
453,Accountant,Leanne_Cork1785@famism.biz,Leanne Cork
454,Assistant Buyer,Aurelia_Hopkinson5995@dionrab.com,Aurelia Hopkinson
455,Systems Administrator,Ronald_Matthews4232@bauros.biz,Ronald Matthews
456,Front Desk Coordinator,Rick_Dobson7327@ubusive.com,Rick Dobson
457,Bellman,Janelle_Phillips2620@qater.org,Janelle Phillips
458,HR Specialist,Selena_Noon5020@bulaffy.com,Selena Noon
459,Ambulatory Nurse,Sofie_Pearce5631@muall.tech,Sofie Pearce
460,Production Painter,Liam_Jarvis313@gompie.com,Liam Jarvis
461,Service Supervisor,Charlotte_Aldridge5399@bungar.biz,Charlotte Aldridge
462,CNC Operator,Harry_Rogan9510@atink.com,Harry Rogan
463,Pharmacist,Chad_Bullock2945@mafthy.com,Chad Bullock
464,Electrician,Mark_Forth2128@yahoo.com,Mark Forth
465,Inspector,Hailey_Howard6128@twace.org,Hailey Howard
466,Baker,Julia_Hobbs110@joiniaa.com,Julia Hobbs
467,Staffing Consultant,Audrey_Sherwood9310@womeona.net,Audrey Sherwood
468,Audiologist,Lana_Collins5036@cispeto.com,Lana Collins
469,Business Broker,Ciara_Squire9343@acrit.org,Ciara Squire
470,Retail Trainee,Owen_Milner454@mafthy.com,Owen Milner
471,Machine Operator,Chadwick_John6619@gompie.com,Chadwick John
472,Production Painter,Bart_Hardwick4655@typill.biz,Bart Hardwick
473,Assistant Buyer,Matthew_Whitmore7819@sheye.org,Matthew Whitmore
474,Biologist,Alessia_Palmer7792@cispeto.com,Alessia Palmer
475,Restaurant Manager,Isabel_Stanley1514@naiker.biz,Isabel Stanley
476,Executive Director,Hope_Mould5738@gembat.biz,Hope Mould
477,Operator,Enoch_Radcliffe8451@guentu.biz,Enoch Radcliffe
478,Fabricator,Martin_Nelson1810@liret.org,Martin Nelson
479,Webmaster,Ivette_Vollans4712@joiniaa.com,Ivette Vollans
480,Service Supervisor,Louise_Egerton6608@corti.com,Louise Egerton
481,Webmaster,Rosalyn_Vangness2943@sheye.org,Rosalyn Vangness
482,Doctor,Charlize_Ryan6062@ovock.tech,Charlize Ryan
483,Machine Operator,Samara_Mcneill8201@iatim.tech,Samara Mcneill
484,Cashier,Priscilla_Durrant347@iatim.tech,Priscilla Durrant
485,Paramedic,Wade_Rodgers7580@deavo.com,Wade Rodgers
486,Cashier,Hank_Skinner7331@acrit.org,Hank Skinner
487,Retail Trainee,Manuel_Ulyatt1582@infotech44.tech,Manuel Ulyatt
488,Dentist,Noah_Knight8733@bauros.biz,Noah Knight
489,Clerk,Andie_Quinn9828@gmail.com,Andie Quinn
490,Auditor,Juliette_Harper8826@joiniaa.com,Juliette Harper
491,Accountant,Russel_Sanchez2939@twipet.com,Russel Sanchez
492,Machine Operator,Aileen_Murphy1350@vetan.org,Aileen Murphy
493,HR Specialist,Marvin_Utterson1291@infotech44.tech,Marvin Utterson
494,Paramedic,Marie_Emerson3983@tonsy.org,Marie Emerson
495,Loan Officer,Johnny_Locke7616@typill.biz,Johnny Locke
496,Production Painter,Ada_Ellwood3238@hourpy.biz,Ada Ellwood
497,Electrician,Enoch_Neal7315@atink.com,Enoch Neal
498,Web Developer,Marissa_Hobbs5338@extex.org,Marissa Hobbs
499,Staffing Consultant,Samara_Owen906@fuliss.net,Samara Owen
500,Pharmacist,Carter_Adams7388@gmail.com,Carter Adams

