ID,Job Title,Email Address,FirstName LastName
1,Banker,Cherish_Bayliss6718@irrepsy.com,Cherish Bayliss
2,Ambulatory Nurse,Gemma_Trent6785@gmail.com,Gemma Trent
3,Project Manager,Tony_King719@jiman.org,Tony King
4,Executive Director,Sylvia_Wooldridge1511@iatim.tech,Sylvia Wooldridge
5,Treasurer,Andrea_Swan2411@bungar.biz,Andrea Swan
6,Budget Analyst,Moira_Flynn9130@nanoff.biz,Moira Flynn
7,Clerk,Havana_Todd7171@brety.org,Havana Todd
8,Laboratory Technician,Domenic_Bradley6685@kideod.biz,Domenic Bradley
9,Executive Director,Jack_Butler2904@bauros.biz,Jack Butler
10,Cook,Mike_Lomax2797@zorer.org,Mike Lomax
11,Staffing Consultant,Marvin_Fleming4383@sveldo.biz,Marvin Fleming
12,Production Painter,Carl_Morrison3050@corti.com,Carl Morrison
13,Clerk,Elle_Wright6847@yahoo.com,Elle Wright
14,Stockbroker,Elena_Bryson4600@grannar.com,Elena Bryson
15,Pharmacist,John_Hunt8718@supunk.biz,John Hunt
16,Cashier,Mark_Mcneill5842@liret.org,Mark Mcneill
17,Biologist,Julius_Palmer2850@dionrab.com,Julius Palmer
18,Paramedic,Nathan_Wilson3297@brety.org,Nathan Wilson
19,Restaurant Manager,Alexander_Riley2778@kideod.biz,Alexander Riley
20,Assistant Buyer,William_Evans1204@supunk.biz,William Evans
21,Food Technologist,Jules_Roscoe5817@fuliss.net,Jules Roscoe
22,Cash Manager,Aleksandra_Kennedy634@dionrab.com,Aleksandra Kennedy
23,Inspector,Kaylee_Rivers8322@mafthy.com,Kaylee Rivers
24,Clerk,Julian_Hopkins5449@deavo.com,Julian Hopkins
25,Biologist,Ember_Dempsey8409@zorer.org,Ember Dempsey
26,CNC Operator,Rufus_Bolton4443@twipet.com,Rufus Bolton
27,Lecturer,Mark_Ranks7407@yahoo.com,Mark Ranks
28,HR Specialist,Charlotte_Larkin4250@ubusive.com,Charlotte Larkin
29,Call Center Representative,Isabella_Bradshaw4319@grannar.com,Isabella Bradshaw
30,Cash Manager,Chad_Stevens1752@ovock.tech,Chad Stevens
31,Front Desk Coordinator,Victoria_Drummond5644@deons.tech,Victoria Drummond
32,Project Manager,Rufus_Ebden7529@eirey.tech,Rufus Ebden
33,Bookkeeper,Rocco_Stewart8170@womeona.net,Rocco Stewart
34,Systems Administrator,Valerie_Rose9273@tonsy.org,Valerie Rose
35,Global Logistics Supervisor,Jazmin_Jarrett6375@atink.com,Jazmin Jarrett
36,Cashier,Luke_Yoman4105@supunk.biz,Luke Yoman
37,Biologist,Russel_Leslie2117@supunk.biz,Russel Leslie
38,Electrician,Jackeline_Olivier1614@muall.tech,Jackeline Olivier
39,CNC Operator,Nick_Preston4097@supunk.biz,Nick Preston
40,Healthcare Specialist,Havana_Edler1134@hourpy.biz,Havana Edler
41,Production Painter,Domenic_Jenkin4066@kideod.biz,Domenic Jenkin
42,Inspector,Paige_Murphy953@tonsy.org,Paige Murphy
43,Lecturer,Keira_Clarke8878@jiman.org,Keira Clarke
44,Front Desk Coordinator,Madelyn_Rowan2242@muall.tech,Madelyn Rowan
45,Loan Officer,Vicky_Chadwick5795@twace.org,Vicky Chadwick
46,Design Engineer,Clint_Fleming4873@mafthy.com,Clint Fleming
47,IT Support Staff,Jessica_Murphy7993@gembat.biz,Jessica Murphy
48,Cash Manager,Josh_Walsh8389@typill.biz,Josh Walsh
49,Banker,Nina_Yard9406@bauros.biz,Nina Yard
50,Biologist,Nathan_Kennedy6607@corti.com,Nathan Kennedy
51,Treasurer,Paige_Tennant4754@bauros.biz,Paige Tennant
52,IT Support Staff,Rita_Asher8123@elnee.tech,Rita Asher
53,Paramedic,Eden_Mcgregor6203@bungar.biz,Eden Mcgregor
54,Health Educator,Bernadette_Price2045@iatim.tech,Bernadette Price
55,Systems Administrator,Christine_Stewart3786@qater.org,Christine Stewart
56,Investment  Advisor,Gladys_Evans8810@extex.org,Gladys Evans
57,Project Manager,Norah_Herbert5982@supunk.biz,Norah Herbert
58,Operator,Tony_Bishop1651@dionrab.com,Tony Bishop
59,Paramedic,Ronald_Bradshaw9679@eirey.tech,Ronald Bradshaw
60,Physician,Blake_Wallace4759@nickia.com,Blake Wallace
61,Auditor,Henry_Edler7606@grannar.com,Henry Edler
62,Doctor,Kieth_Norton5297@gompie.com,Kieth Norton
63,Call Center Representative,Harvey_Mooney3782@gmail.com,Harvey Mooney
64,Systems Administrator,Goldie_Middleton5803@cispeto.com,Goldie Middleton
65,Insurance Broker,Jayden_Nash3769@joiniaa.com,Jayden Nash
66,Steward,Ryan_Owens7662@nimogy.biz,Ryan Owens
67,IT Support Staff,Roger_Cooper3383@ovock.tech,Roger Cooper
68,Production Painter,Sarah_Ellwood3225@ubusive.com,Sarah Ellwood
69,Assistant Buyer,Margot_Parr2498@nickia.com,Margot Parr
70,Project Manager,Bryon_Saunders4020@extex.org,Bryon Saunders
71,Pharmacist,Denis_Rogers1955@elnee.tech,Denis Rogers
72,Food Technologist,Isabella_Ross3912@bungar.biz,Isabella Ross
73,Auditor,Julianna_Rixon2494@infotech44.tech,Julianna Rixon
74,Health Educator,Isabel_Alcroft1219@nickia.com,Isabel Alcroft
75,Fabricator,Denis_Hood907@brety.org,Denis Hood
76,Machine Operator,Bart_Anderson3134@jiman.org,Bart Anderson
77,Staffing Consultant,Francesca_Daniells4374@ubusive.com,Francesca Daniells
78,Cashier,Daron_Smith9688@ubusive.com,Daron Smith
79,Front Desk Coordinator,Mike_Jones4246@extex.org,Mike Jones
80,Cashier,Melania_Eastwood2807@dionrab.com,Melania Eastwood
81,Business Broker,Noah_Armstrong7834@muall.tech,Noah Armstrong
82,Web Developer,Andrea_Driscoll5952@bauros.biz,Andrea Driscoll
83,Associate Professor,Chuck_Drummond5160@hourpy.biz,Chuck Drummond
84,Fabricator,Javier_King6710@brety.org,Javier King
85,Food Technologist,Daron_Power5278@fuliss.net,Daron Power
86,Loan Officer,Barry_Jenkin3285@ubusive.com,Barry Jenkin
87,Cashier,Clint_Wellington2925@sheye.org,Clint Wellington
88,Project Manager,Joseph_Hastings7974@tonsy.org,Joseph Hastings
89,Audiologist,Bryce_King8016@atink.com,Bryce King
90,Dentist,Marissa_Ralph1964@naiker.biz,Marissa Ralph
91,Stockbroker,Marla_Roman8570@nickia.com,Marla Roman
92,Retail Trainee,Noah_Wright6840@gembat.biz,Noah Wright
93,Machine Operator,Denis_Chappell7660@iatim.tech,Denis Chappell
94,Loan Officer,Hank_Carter460@deons.tech,Hank Carter
95,Retail Trainee,Carl_Mcguire4568@eirey.tech,Carl Mcguire
96,Investment  Advisor,Aeris_Harris2997@irrepsy.com,Aeris Harris
97,Restaurant Manager,Natalie_Kirby4799@mafthy.com,Natalie Kirby
98,Baker,Abdul_Robinson8218@deons.tech,Abdul Robinson
99,Webmaster,Nicholas_Pond1813@jiman.org,Nicholas Pond
100,Doctor,Enoch_Price3674@muall.tech,Enoch Price
101,Physician,Joseph_Greenwood7490@elnee.tech,Joseph Greenwood
102,Clerk,Luke_Mcgregor2763@vetan.org,Luke Mcgregor
103,HR Coordinator,Isabel_Fisher8374@nickia.com,Isabel Fisher
104,Call Center Representative,Nina_Nurton7609@ovock.tech,Nina Nurton
105,Steward,Aurelia_Abbot1154@dionrab.com,Aurelia Abbot
106,Cook,Mike_Walsh5447@extex.org,Mike Walsh
107,Biologist,Benjamin_Tobin4684@eirey.tech,Benjamin Tobin
108,Banker,Wade_Mooney3450@twipet.com,Wade Mooney
109,HR Specialist,Molly_Forth2638@brety.org,Molly Forth
110,Webmaster,Samantha_Casey7220@muall.tech,Samantha Casey
111,Healthcare Specialist,Rosalyn_Stone 6677@bauros.biz,Rosalyn Stone 
112,Loan Officer,Nate_Clarkson7756@gembat.biz,Nate Clarkson
113,CNC Operator,Shay_Fall3735@hourpy.biz,Shay Fall
114,Associate Professor,Matthew_Veale9982@sveldo.biz,Matthew Veale
115,Production Painter,Rosemary_Milner2563@famism.biz,Rosemary Milner
116,Bellman,Irene_Horton30@tonsy.org,Irene Horton
117,Accountant,Alessandra_Weasley8724@joiniaa.com,Alessandra Weasley
118,Ambulatory Nurse,Vanessa_Shaw394@twipet.com,Vanessa Shaw
119,Laboratory Technician,Carl_Douglas790@corti.com,Carl Douglas
120,Mobile Developer,John_Janes6753@dionrab.com,John Janes
121,Insurance Broker,Ivy_Holt1656@bauros.biz,Ivy Holt
122,Steward,Grace_Willis3636@famism.biz,Grace Willis
123,Associate Professor,Tara_Denton8572@vetan.org,Tara Denton
124,Staffing Consultant,Benny_Jobson5198@twace.org,Benny Jobson
125,Baker,Adalie_Redden609@kideod.biz,Adalie Redden
126,Chef Manager,Anabelle_Goldsmith26@sveldo.biz,Anabelle Goldsmith
127,Biologist,Wade_Connell8671@ovock.tech,Wade Connell
128,Budget Analyst,Emerald_Nicolas3376@hourpy.biz,Emerald Nicolas
129,Clerk,Julius_Jackson4632@tonsy.org,Julius Jackson
130,Staffing Consultant,Maia_Lloyd3946@naiker.biz,Maia Lloyd
131,HR Coordinator,William_Lomax673@bungar.biz,William Lomax
132,Front Desk Coordinator,Lexi_Lee5907@liret.org,Lexi Lee
133,Health Educator,Benjamin_Uttridge6675@ovock.tech,Benjamin Uttridge
134,Operator,Bart_Huggins2922@corti.com,Bart Huggins
135,Associate Professor,Cassandra_Thompson7063@cispeto.com,Cassandra Thompson
136,Web Developer,Alan_Long6730@infotech44.tech,Alan Long
137,Systems Administrator,Melinda_Sloan6596@extex.org,Melinda Sloan
138,Paramedic,Elle_Zaoui2845@famism.biz,Elle Zaoui
139,Paramedic,Rosa_Emmott1846@grannar.com,Rosa Emmott
140,Executive Director,Blake_Marshall7422@typill.biz,Blake Marshall
141,Inspector,Selena_Collingwood3889@supunk.biz,Selena Collingwood
142,Banker,Mandy_Greenwood6989@zorer.org,Mandy Greenwood
143,Cook,Ethan_Power5129@elnee.tech,Ethan Power
144,Cashier,Doug_Tyrrell9063@hourpy.biz,Doug Tyrrell
145,Clerk,Colleen_Groves7031@extex.org,Colleen Groves
146,Baker,Tyler_Trent8536@deavo.com,Tyler Trent
147,Service Supervisor,Ruby_Rogers4679@acrit.org,Ruby Rogers
148,HR Coordinator,Macy_Adams8170@muall.tech,Macy Adams
149,Electrician,Natalie_Poulton309@elnee.tech,Natalie Poulton
150,Pharmacist,Robyn_Calderwood660@typill.biz,Robyn Calderwood
151,Cashier,Alan_Holmes2928@ubusive.com,Alan Holmes
152,Systems Administrator,Angel_Gaynor7226@muall.tech,Angel Gaynor
153,Loan Officer,Denis_Scott5984@fuliss.net,Denis Scott
154,Assistant Buyer,Abdul_Jones3047@yahoo.com,Abdul Jones
155,Designer,Nate_Kelly8189@naiker.biz,Nate Kelly
156,Webmaster,Kurt_Bristow2054@atink.com,Kurt Bristow
157,Budget Analyst,Oliver_Gibbons1465@yahoo.com,Oliver Gibbons
158,Auditor,Carolyn_Williams2380@sveldo.biz,Carolyn Williams
159,Doctor,Nick_Quinnell1790@acrit.org,Nick Quinnell
160,Bellman,Ronald_Jennson9582@sveldo.biz,Ronald Jennson
161,Web Developer,Grace_Hilton8118@gembat.biz,Grace Hilton
162,Healthcare Specialist,Anne_Shields5190@famism.biz,Anne Shields
163,Bookkeeper,Benny_Baldwin3885@joiniaa.com,Benny Baldwin
164,Healthcare Specialist,Adalie_Victor430@mafthy.com,Adalie Victor
165,Biologist,Bryon_Ellwood6284@tonsy.org,Bryon Ellwood
166,HR Coordinator,Willow_Giles8857@ovock.tech,Willow Giles
167,Steward,Dasha_Bowen6694@infotech44.tech,Dasha Bowen
168,HR Coordinator,Winnie_Lynn6325@supunk.biz,Winnie Lynn
169,Cashier,Adina_Fisher1436@nimogy.biz,Adina Fisher
170,Global Logistics Supervisor,Marvin_Villiger5627@tonsy.org,Marvin Villiger
171,Chef Manager,Owen_Summers5383@iatim.tech,Owen Summers
172,Auditor,Cedrick_Fisher6898@bretoux.com,Cedrick Fisher
173,Accountant,Cameron_Clark8485@atink.com,Cameron Clark
174,Auditor,Wendy_Stubbs6425@ubusive.com,Wendy Stubbs
175,Mobile Developer,Madison_Waterson3285@atink.com,Madison Waterson
176,Software Engineer,Joy_Vincent8786@eirey.tech,Joy Vincent
177,Service Supervisor,Denny_Gregory9726@brety.org,Denny Gregory
178,Web Developer,Rick_Edwards2937@hourpy.biz,Rick Edwards
179,Web Developer,Josh_Noach5161@muall.tech,Josh Noach
180,Loan Officer,Courtney_Anderson9793@extex.org,Courtney Anderson
181,Mobile Developer,Logan_Davies7938@yahoo.com,Logan Davies
182,Health Educator,Chad_Gilmore6555@extex.org,Chad Gilmore
183,Systems Administrator,Jolene_Vinton4388@kideod.biz,Jolene Vinton
184,Doctor,Daria_Ward8275@atink.com,Daria Ward
185,Treasurer,Marvin_Wild7054@ovock.tech,Marvin Wild
186,HR Specialist,Bree_Avery1990@elnee.tech,Bree Avery
187,Insurance Broker,Domenic_Walker5429@guentu.biz,Domenic Walker
188,Machine Operator,Maya_Warren2052@brety.org,Maya Warren
189,Loan Officer,Aiden_Curtis6069@bauros.biz,Aiden Curtis
190,Inspector,Fred_Long4846@extex.org,Fred Long
191,Loan Officer,Danny_Giles8833@muall.tech,Danny Giles
192,Chef Manager,Maribel_Owen1283@nimogy.biz,Maribel Owen
193,Laboratory Technician,Georgia_Fields5450@deons.tech,Georgia Fields
194,Front Desk Coordinator,Oliver_Sanchez1384@sheye.org,Oliver Sanchez
195,Fabricator,Christine_Ellery6229@liret.org,Christine Ellery
196,Executive Director,Brad_Redden7039@iatim.tech,Brad Redden
197,HR Coordinator,Denis_Chapman7833@sheye.org,Denis Chapman
198,Doctor,Morgan_Salt2679@corti.com,Morgan Salt
199,Baker,Luke_Cowan8312@sveldo.biz,Luke Cowan
200,IT Support Staff,Remy_Uddin364@brety.org,Remy Uddin
201,Food Technologist,Harriet_Janes7723@elnee.tech,Harriet Janes
202,Call Center Representative,Faith_Russell1835@nickia.com,Faith Russell
203,Machine Operator,Rosie_Wilcox2793@bulaffy.com,Rosie Wilcox
204,Software Engineer,Bree_Camden551@eirey.tech,Bree Camden
205,Business Broker,Hayden_Murphy429@eirey.tech,Hayden Murphy
206,Investment  Advisor,Denis_Wright6268@naiker.biz,Denis Wright
207,Systems Administrator,Alice_Judd3919@iatim.tech,Alice Judd
208,HR Specialist,Celina_Kennedy3568@sveldo.biz,Celina Kennedy
209,Mobile Developer,Alexia_Jones9484@supunk.biz,Alexia Jones
210,Design Engineer,Eduardo_Garner5297@muall.tech,Eduardo Garner
211,Investment  Advisor,Trisha_Poulton2210@bungar.biz,Trisha Poulton
212,Fabricator,Savannah_Slater8614@corti.com,Savannah Slater
213,Production Painter,Jessica_Edler8562@famism.biz,Jessica Edler
214,Pharmacist,Cristal_Matthews6132@cispeto.com,Cristal Matthews
215,CNC Operator,Dani_Partridge2471@twipet.com,Dani Partridge
216,Health Educator,Leroy_Rigg8117@twace.org,Leroy Rigg
217,Paramedic,Mike_Wilson9427@gembat.biz,Mike Wilson
218,Insurance Broker,Ron_Knight4152@acrit.org,Ron Knight
219,Production Painter,Chris_Needham4987@irrepsy.com,Chris Needham
220,Systems Administrator,Phillip_Forth1260@eirey.tech,Phillip Forth
221,Design Engineer,Irene_Shaw9247@kideod.biz,Irene Shaw
222,Software Engineer,Hailey_Ross2251@infotech44.tech,Hailey Ross
223,Systems Administrator,Britney_Simpson7653@zorer.org,Britney Simpson
224,Front Desk Coordinator,George_Horton3377@iatim.tech,George Horton
225,CNC Operator,Daniel_Veale8957@fuliss.net,Daniel Veale
226,Loan Officer,Sydney_Butler6471@mafthy.com,Sydney Butler
227,Web Developer,Belinda_Kelly4583@bauros.biz,Belinda Kelly
228,Food Technologist,Nathan_Flanders6284@deavo.com,Nathan Flanders
229,Front Desk Coordinator,Gabriel_Whinter2730@sheye.org,Gabriel Whinter
230,Software Engineer,Colleen_Newton50@ovock.tech,Colleen Newton
231,Audiologist,Emerald_Gonzales6547@twipet.com,Emerald Gonzales
232,Machine Operator,Marvin_Norburn2373@gompie.com,Marvin Norburn
233,Lecturer,Karen_Rigg4157@acrit.org,Karen Rigg
234,Cashier,Erin_Johnson4534@grannar.com,Erin Johnson
235,Executive Director,Phillip_Grady8369@extex.org,Phillip Grady
236,Project Manager,Hank_Rose6968@fuliss.net,Hank Rose
237,Bookkeeper,Jennifer_Glynn2777@bulaffy.com,Jennifer Glynn
238,Treasurer,Livia_Darcy7502@nickia.com,Livia Darcy
239,Auditor,Fiona_Jackson51@deavo.com,Fiona Jackson
240,Accountant,Ramon_Boden7859@infotech44.tech,Ramon Boden
241,Associate Professor,Hannah_Bryson9486@tonsy.org,Hannah Bryson
242,Restaurant Manager,Mabel_Needham8048@muall.tech,Mabel Needham
243,Designer,Gabriel_Long6515@muall.tech,Gabriel Long
244,Mobile Developer,Eduardo_Cassidy1309@bungar.biz,Eduardo Cassidy
245,Auditor,Angelique_Ogilvy2732@gmail.com,Angelique Ogilvy
246,Bookkeeper,Thea_Gray4500@famism.biz,Thea Gray
247,Health Educator,Hayden_Brooks564@mafthy.com,Hayden Brooks
248,CNC Operator,Barney_Shaw6625@hourpy.biz,Barney Shaw
249,Restaurant Manager,Ivy_Keys7949@eirey.tech,Ivy Keys
250,Software Engineer,David_Jarrett3919@yahoo.com,David Jarrett
251,Auditor,Josh_Blackwall8558@yahoo.com,Josh Blackwall
252,Biologist,Anne_Saunders4207@eirey.tech,Anne Saunders
253,Staffing Consultant,Chris_Jenkin1935@atink.com,Chris Jenkin
254,Restaurant Manager,Daria_Eagle8083@sveldo.biz,Daria Eagle
255,Executive Director,Chuck_Baldwin3462@naiker.biz,Chuck Baldwin
256,Dentist,Kate_Gordon7843@atink.com,Kate Gordon
257,Investment  Advisor,Percy_Hewitt9412@yahoo.com,Percy Hewitt
258,Executive Director,Dakota_Shields5622@twipet.com,Dakota Shields
259,Electrician,Nick_Morgan1101@liret.org,Nick Morgan
260,Banker,David_Evans8227@nanoff.biz,David Evans
261,Auditor,Josephine_Brooks494@acrit.org,Josephine Brooks
262,Inspector,Fred_Morley6494@bungar.biz,Fred Morley
263,Bookkeeper,Wade_Booth876@sveldo.biz,Wade Booth
264,Healthcare Specialist,Britney_Groves9753@nickia.com,Britney Groves
265,Food Technologist,Doug_Whinter420@qater.org,Doug Whinter
266,Loan Officer,Jack_Morgan58@yahoo.com,Jack Morgan
267,Web Developer,Martin_Evans1977@vetan.org,Martin Evans
268,Chef Manager,Gabriel_Buckley9028@ubusive.com,Gabriel Buckley
269,Budget Analyst,Denis_Willis4069@grannar.com,Denis Willis
270,Baker,Eduardo_Uttridge6067@famism.biz,Eduardo Uttridge
271,Audiologist,Daniel_Radcliffe2977@brety.org,Daniel Radcliffe
272,Steward,Mavis_Larsen4757@guentu.biz,Mavis Larsen
273,CNC Operator,Henry_Addison959@grannar.com,Henry Addison
274,Systems Administrator,Roger_Welsch7838@irrepsy.com,Roger Welsch
275,Pharmacist,Cassidy_Reyes9023@iatim.tech,Cassidy Reyes
276,Laboratory Technician,Christy_Morgan12@bauros.biz,Christy Morgan
277,Machine Operator,Lucy_Bolton387@typill.biz,Lucy Bolton
278,Treasurer,Roger_Lunt5038@elnee.tech,Roger Lunt
279,Cook,Parker_Villiger9748@typill.biz,Parker Villiger
280,Insurance Broker,Evelynn_Carter8673@eirey.tech,Evelynn Carter
281,Production Painter,Maxwell_Johnson1027@acrit.org,Maxwell Johnson
282,Auditor,Elle_Talbot8237@gmail.com,Elle Talbot
283,Design Engineer,Angelina_Coates650@infotech44.tech,Angelina Coates
284,Project Manager,George_Kirby4130@gmail.com,George Kirby
285,Assistant Buyer,Chester_Matthews6061@liret.org,Chester Matthews
286,Investment  Advisor,Holly_Reyes921@elnee.tech,Holly Reyes
287,Chef Manager,Mayleen_Baldwin6398@vetan.org,Mayleen Baldwin
288,Restaurant Manager,Danny_Umney9701@iatim.tech,Danny Umney
289,Executive Director,Chanelle_Stewart457@hourpy.biz,Chanelle Stewart
290,Laboratory Technician,Maxwell_Allwood7962@supunk.biz,Maxwell Allwood
291,Mobile Developer,Darlene_Kennedy2229@gompie.com,Darlene Kennedy
292,Cook,Sebastian_Anderson6681@muall.tech,Sebastian Anderson
293,Call Center Representative,Lucas_Jarrett6390@eirey.tech,Lucas Jarrett
294,Audiologist,Jules_Sinclair6943@bulaffy.com,Jules Sinclair
295,Health Educator,Barry_Upton1988@infotech44.tech,Barry Upton
296,Systems Administrator,Danielle_Holt5454@deons.tech,Danielle Holt
297,Assistant Buyer,Eduardo_Seymour3754@elnee.tech,Eduardo Seymour
298,Insurance Broker,Gabriel_Verdon4158@supunk.biz,Gabriel Verdon
299,Global Logistics Supervisor,Ruby_Wilson1457@acrit.org,Ruby Wilson
300,Electrician,Manuel_Richards1986@typill.biz,Manuel Richards
301,Staffing Consultant,Ada_Walsh825@zorer.org,Ada Walsh
302,Inspector,David_Hunt6410@bungar.biz,David Hunt
303,Mobile Developer,Gil_Clarke1315@ovock.tech,Gil Clarke
304,Staffing Consultant,Kieth_Tindall6134@kideod.biz,Kieth Tindall
305,Cash Manager,Owen_Hale6401@zorer.org,Owen Hale
306,Loan Officer,Erica_Alldridge7847@zorer.org,Erica Alldridge
307,Business Broker,Mason_Murphy295@kideod.biz,Mason Murphy
308,Business Broker,Margot_James6100@vetan.org,Margot James
309,Baker,Michael_Tyrrell4935@deavo.com,Michael Tyrrell
310,Mobile Developer,Hannah_Vollans7869@naiker.biz,Hannah Vollans
311,Insurance Broker,Johnny_Willson755@deavo.com,Johnny Willson
312,Retail Trainee,Raquel_Hall1855@yahoo.com,Raquel Hall
313,Global Logistics Supervisor,Julianna_Khan5241@cispeto.com,Julianna Khan
314,Banker,Cadence_Quinnell9844@jiman.org,Cadence Quinnell
315,Accountant,Jack_Graham3097@eirey.tech,Jack Graham
316,Associate Professor,Carmen_Needham9235@jiman.org,Carmen Needham
317,Pharmacist,Ember_Ranks1358@joiniaa.com,Ember Ranks
318,Steward,Laila_Blackwall6391@bauros.biz,Laila Blackwall
319,Healthcare Specialist,Colleen_Gavin5130@qater.org,Colleen Gavin
320,Web Developer,Shelby_Mccall9117@bauros.biz,Shelby Mccall
321,Production Painter,Cedrick_Young2005@ovock.tech,Cedrick Young
322,Ambulatory Nurse,Logan_Poulton4084@irrepsy.com,Logan Poulton
323,CNC Operator,Erick_Palmer1779@guentu.biz,Erick Palmer
324,Systems Administrator,Cadence_Barclay5513@yahoo.com,Cadence Barclay
325,Biologist,Sara_Gaynor7918@brety.org,Sara Gaynor
326,Dentist,Marvin_Skinner1032@womeona.net,Marvin Skinner
327,Front Desk Coordinator,Vicky_Taylor8247@eirey.tech,Vicky Taylor
328,Dentist,Hayden_Amstead8873@womeona.net,Hayden Amstead
329,Treasurer,Matt_Thomas9756@sveldo.biz,Matt Thomas
330,Production Painter,Gil_Cavanagh2654@mafthy.com,Gil Cavanagh
331,Doctor,Harry_Rivers6737@ubusive.com,Harry Rivers
332,Retail Trainee,Liam_Coates7726@hourpy.biz,Liam Coates
333,Operator,Grace_Poole7355@corti.com,Grace Poole
334,Executive Director,Jenna_Logan4236@extex.org,Jenna Logan
335,Biologist,David_Pickard2175@corti.com,David Pickard
336,Software Engineer,Maddison_Plumb84@mafthy.com,Maddison Plumb
337,Service Supervisor,Molly_Summers2235@nickia.com,Molly Summers
338,Bookkeeper,William_Hall8808@twace.org,William Hall
339,Biologist,Candace_Bailey6767@gompie.com,Candace Bailey
340,Project Manager,Gladys_Irving3561@famism.biz,Gladys Irving
341,Cash Manager,Kieth_Gray8239@sveldo.biz,Kieth Gray
342,Executive Director,Alexander_Lindop7754@zorer.org,Alexander Lindop
343,Call Center Representative,Nick_Hamilton5190@muall.tech,Nick Hamilton
344,Cook,Matthew_Beal8958@mafthy.com,Matthew Beal
345,Paramedic,Elle_Sinclair4567@infotech44.tech,Elle Sinclair
346,Project Manager,Emely_Janes3079@bungar.biz,Emely Janes
347,Cash Manager,Tom_Santos4635@tonsy.org,Tom Santos
348,Insurance Broker,Denis_Mitchell4913@yahoo.com,Denis Mitchell
349,Treasurer,Caleb_Jordan6704@hourpy.biz,Caleb Jordan
350,Investment  Advisor,Jasmine_Antcliff7422@ovock.tech,Jasmine Antcliff
351,Retail Trainee,Peyton_Kerr5799@brety.org,Peyton Kerr
352,Global Logistics Supervisor,Bryon_Summers3626@liret.org,Bryon Summers
353,Bellman,Valentina_Nash6673@twace.org,Valentina Nash
354,Call Center Representative,Nathan_Miller4125@muall.tech,Nathan Miller
355,Call Center Representative,Sylvia_Wright584@famism.biz,Sylvia Wright
356,Cash Manager,Michael_Vallins7830@eirey.tech,Michael Vallins
357,Chef Manager,Hank_Carpenter6275@bauros.biz,Hank Carpenter
358,Clerk,Isabel_Wigley4362@muall.tech,Isabel Wigley
359,Global Logistics Supervisor,Maribel_Page 6566@sveldo.biz,Maribel Page 
360,Web Developer,Kurt_Saunders4313@bungar.biz,Kurt Saunders
361,Executive Director,Angel_Whittle9899@dionrab.com,Angel Whittle
362,Assistant Buyer,Megan_Tyler5910@liret.org,Megan Tyler
363,Biologist,Marie_Sherry2541@hourpy.biz,Marie Sherry
364,Fabricator,Sharon_Thompson9266@ubusive.com,Sharon Thompson
365,Cash Manager,Martin_Clarkson4332@mafthy.com,Martin Clarkson
366,Ambulatory Nurse,Julia_Reynolds7669@ovock.tech,Julia Reynolds
367,Health Educator,Christy_Rycroft6217@brety.org,Christy Rycroft
368,Banker,Leah_Stewart3039@yahoo.com,Leah Stewart
369,Loan Officer,Iris_Wilkinson3621@twipet.com,Iris Wilkinson
370,Biologist,Beatrice_Thornton8208@deavo.com,Beatrice Thornton
371,Associate Professor,Jayden_Stanley3563@gembat.biz,Jayden Stanley
372,Assistant Buyer,Juliet_Rowlands5573@qater.org,Juliet Rowlands
373,Operator,Cassidy_Roberts3153@extex.org,Cassidy Roberts
374,Business Broker,Priscilla_Evans3454@cispeto.com,Priscilla Evans
375,Webmaster,Ember_Connor5318@twace.org,Ember Connor
376,Assistant Buyer,Logan_Faulkner9262@supunk.biz,Logan Faulkner
377,Insurance Broker,Logan_Tait1202@vetan.org,Logan Tait
378,Bellman,Jacob_Bloom7007@cispeto.com,Jacob Bloom
379,Doctor,Janice_Larkin1839@deavo.com,Janice Larkin
380,Operator,Josh_Lucas9893@qater.org,Josh Lucas
381,Cook,Doris_Sherwood8826@qater.org,Doris Sherwood
382,Baker,Candice_Robertson507@grannar.com,Candice Robertson
383,Doctor,Kieth_Knott4169@bretoux.com,Kieth Knott
384,Budget Analyst,Kurt_Nelson9339@bretoux.com,Kurt Nelson
385,Health Educator,Bob_Thomas1543@deons.tech,Bob Thomas
386,Software Engineer,Enoch_Parker7682@mafthy.com,Enoch Parker
387,IT Support Staff,Marvin_Summers8321@ubusive.com,Marvin Summers
388,Call Center Representative,Shay_Gunn3722@ovock.tech,Shay Gunn
389,Design Engineer,Havana_Robinson6533@elnee.tech,Havana Robinson
390,Software Engineer,Maribel_Addis8863@irrepsy.com,Maribel Addis
391,Baker,Analise_Coll6289@supunk.biz,Analise Coll
392,Electrician,Rosalyn_Ashwell9523@ovock.tech,Rosalyn Ashwell
393,Lecturer,Boris_Griffiths9163@twipet.com,Boris Griffiths
394,Pharmacist,William_Morgan1583@typill.biz,William Morgan
395,Loan Officer,Marie_Janes6735@sveldo.biz,Marie Janes
396,Budget Analyst,Ryan_Barclay2220@kideod.biz,Ryan Barclay
397,Insurance Broker,Payton_Slater9881@deavo.com,Payton Slater
398,Accountant,Jasmine_Reading4102@famism.biz,Jasmine Reading
399,Clerk,Angelina_Bolton7390@hourpy.biz,Angelina Bolton
400,Machine Operator,Alexa_Drew1799@deavo.com,Alexa Drew
401,Chef Manager,Kieth_Thornton3886@supunk.biz,Kieth Thornton
402,Staffing Consultant,Paige_Blackburn3789@atink.com,Paige Blackburn
403,Design Engineer,Rhea_Morley875@hourpy.biz,Rhea Morley
404,Designer,Clint_Miller6615@deons.tech,Clint Miller
405,Assistant Buyer,Alex_Holmes2427@corti.com,Alex Holmes
406,Executive Director,Ryan_Hunt4027@gompie.com,Ryan Hunt
407,Laboratory Technician,Eduardo_Robe1041@bungar.biz,Eduardo Robe
408,Health Educator,Maxwell_Stanton314@supunk.biz,Maxwell Stanton
409,Steward,Owen_Villiger9918@extex.org,Owen Villiger
410,Audiologist,Joseph_Vincent26@nimogy.biz,Joseph Vincent
411,Production Painter,Sebastian_Eyres536@nimogy.biz,Sebastian Eyres
412,Inspector,Eduardo_Nelson6353@ovock.tech,Eduardo Nelson
413,Chef Manager,Rhea_Russell2603@eirey.tech,Rhea Russell
414,Insurance Broker,Ivy_Hammond170@atink.com,Ivy Hammond
415,Operator,Johnathan_Bailey1250@infotech44.tech,Johnathan Bailey
416,Systems Administrator,Carl_Edler4305@corti.com,Carl Edler
417,Treasurer,Florence_Payne88@dionrab.com,Florence Payne
418,Doctor,Sadie_Shields4908@gompie.com,Sadie Shields
419,Lecturer,Ethan_Payne64@liret.org,Ethan Payne
420,Fabricator,Willow_Steer379@gembat.biz,Willow Steer
421,HR Specialist,Rosa_Howard7044@hourpy.biz,Rosa Howard
422,Call Center Representative,Kieth_Walker9148@kideod.biz,Kieth Walker
423,Ambulatory Nurse,Beatrice_Ross9668@naiker.biz,Beatrice Ross
424,Restaurant Manager,Nate_Rodwell6596@womeona.net,Nate Rodwell
425,Cash Manager,Hailey_Clayton2390@twipet.com,Hailey Clayton
426,Clerk,Shelby_Fall5067@fuliss.net,Shelby Fall
427,Staffing Consultant,Caleb_Fleming8639@qater.org,Caleb Fleming
428,Design Engineer,Cynthia_Clifton6083@vetan.org,Cynthia Clifton
429,Health Educator,Shay_Potts4133@guentu.biz,Shay Potts
430,Paramedic,Nate_Swan1808@joiniaa.com,Nate Swan
431,Loan Officer,Lucas_Graham6881@ubusive.com,Lucas Graham
432,Insurance Broker,Josh_Bingham3564@corti.com,Josh Bingham
433,Pharmacist,Stacy_Mccormick5435@ubusive.com,Stacy Mccormick
434,Dentist,Johnathan_Swift4154@hourpy.biz,Johnathan Swift
435,Steward,Javier_Doherty2763@iatim.tech,Javier Doherty
436,Banker,Daron_Alldridge5828@bungar.biz,Daron Alldridge
437,Paramedic,Selena_Isaac315@qater.org,Selena Isaac
438,Machine Operator,Makenzie_Harrison5502@acrit.org,Makenzie Harrison
439,Front Desk Coordinator,Ada_Leslie4552@sveldo.biz,Ada Leslie
440,Service Supervisor,Cassidy_Price5942@vetan.org,Cassidy Price
441,Treasurer,Ruby_Hudson826@joiniaa.com,Ruby Hudson
442,Fabricator,Camellia_Jarvis689@nickia.com,Camellia Jarvis
443,Webmaster,Rosalie_Thomson4448@nimogy.biz,Rosalie Thomson
444,Health Educator,Bob_Shaw2923@bulaffy.com,Bob Shaw
445,Software Engineer,Claire_Larsen4093@deavo.com,Claire Larsen
446,Service Supervisor,Parker_Brett1747@liret.org,Parker Brett
447,Physician,Owen_Wood5197@joiniaa.com,Owen Wood
448,Doctor,Stacy_Appleton3376@ovock.tech,Stacy Appleton
449,Paramedic,Tyson_Ingram8146@tonsy.org,Tyson Ingram
450,Front Desk Coordinator,Clint_Rosenbloom9541@elnee.tech,Clint Rosenbloom
451,CNC Operator,Jenna_Holmes9432@gembat.biz,Jenna Holmes
452,Biologist,Johnny_Shaw4706@infotech44.tech,Johnny Shaw
453,Laboratory Technician,Cedrick_King9360@famism.biz,Cedrick King
454,Call Center Representative,Nicholas_Leigh1263@womeona.net,Nicholas Leigh
455,Lecturer,Andie_Campbell9837@typill.biz,Andie Campbell
456,Treasurer,Amelia_Mullins7056@womeona.net,Amelia Mullins
457,Business Broker,Jayden_Webster2781@deavo.com,Jayden Webster
458,Investment  Advisor,Lucas_Thomas7888@nimogy.biz,Lucas Thomas
459,Banker,Tyson_Hopkinson9392@ubusive.com,Tyson Hopkinson
460,Health Educator,Juliet_Cunningham4620@acrit.org,Juliet Cunningham
461,Cash Manager,Selena_Nelson979@nickia.com,Selena Nelson
462,Stockbroker,Faith_Murray4382@typill.biz,Faith Murray
463,Mobile Developer,Denny_Neal9069@zorer.org,Denny Neal
464,Operator,Eve_Stewart8150@famism.biz,Eve Stewart
465,Investment  Advisor,Violet_Pitt965@bretoux.com,Violet Pitt
466,Staffing Consultant,Phillip_Morris8990@extex.org,Phillip Morris
467,Business Broker,Cara_Collingwood157@infotech44.tech,Cara Collingwood
468,Loan Officer,Rufus_Varley6832@supunk.biz,Rufus Varley
469,Webmaster,Aiden_Saunders552@vetan.org,Aiden Saunders
470,Stockbroker,Peter_Varley1170@hourpy.biz,Peter Varley
471,Associate Professor,Jenna_Carpenter6697@ovock.tech,Jenna Carpenter
472,Operator,Phillip_Avery5506@naiker.biz,Phillip Avery
473,Ambulatory Nurse,Belinda_Waterhouse882@guentu.biz,Belinda Waterhouse
474,Systems Administrator,Ryan_Connell2404@mafthy.com,Ryan Connell
475,Assistant Buyer,Chad_Yarlett3717@dionrab.com,Chad Yarlett
476,IT Support Staff,Kieth_Jackson9366@naiker.biz,Kieth Jackson
477,Fabricator,Jessica_Radley4375@qater.org,Jessica Radley
478,Production Painter,Davina_Weldon2736@muall.tech,Davina Weldon
479,Machine Operator,Lauren_Walker572@ubusive.com,Lauren Walker
480,Accountant,Aileen_Rainford3124@infotech44.tech,Aileen Rainford
481,Laboratory Technician,Nick_Saunders8403@deons.tech,Nick Saunders
482,Ambulatory Nurse,Rosalyn_Watson6011@ovock.tech,Rosalyn Watson
483,Food Technologist,Denny_Roscoe7370@iatim.tech,Denny Roscoe
484,Business Broker,Tyson_Healy2413@muall.tech,Tyson Healy
485,Banker,Christine_Spencer662@vetan.org,Christine Spencer
486,Steward,Alexander_Cattell550@bretoux.com,Alexander Cattell
487,Restaurant Manager,Abdul_Reid9026@guentu.biz,Abdul Reid
488,Global Logistics Supervisor,Britney_Baxter9630@dionrab.com,Britney Baxter
489,Cook,Rae_Murray5166@gembat.biz,Rae Murray
490,Machine Operator,Josh_Locke2372@bulaffy.com,Josh Locke
491,Laboratory Technician,Carmen_Harvey2585@cispeto.com,Carmen Harvey
492,Accountant,Helen_Brett3528@gompie.com,Helen Brett
493,Insurance Broker,Crystal_Marshall5909@corti.com,Crystal Marshall
494,Mobile Developer,Chuck_Middleton7007@grannar.com,Chuck Middleton
495,Chef Manager,Ryan_Kelly7497@ubusive.com,Ryan Kelly
496,Budget Analyst,Jade_Rowe1648@sheye.org,Jade Rowe
497,Design Engineer,Chris_James6810@iatim.tech,Chris James
498,Loan Officer,Doris_Raven4777@bauros.biz,Doris Raven
499,HR Specialist,Carl_Ashwell3002@nimogy.biz,Carl Ashwell
500,Baker,Hazel_Lucas8212@hourpy.biz,Hazel Lucas

